,lr,batch_size,model_layers,epochs,dropout,optimizer,losses,auc_train,auc_test,overfit,columns_used
0,0.095,60,"{'name': 'sequential', 'layers': [{'class_name': 'Dense', 'config': {'name': 'dense', 'trainable': True, 'batch_input_shape': (None, 14), 'dtype': 'float32', 'units': 512, 'activation': 'tanh', 'use_bias': True, 'kernel_initializer': {'class_name': 'GlorotUniform', 'config': {'seed': None}}, 'bias_initializer': {'class_name': 'Zeros', 'config': {}}, 'kernel_regularizer': None, 'bias_regularizer': None, 'activity_regularizer': None, 'kernel_constraint': None, 'bias_constraint': None}}, {'class_name': 'Dropout', 'config': {'name': 'dropout', 'trainable': True, 'dtype': 'float32', 'rate': 0.1, 'noise_shape': None, 'seed': None}}, {'class_name': 'Dense', 'config': {'name': 'dense_1', 'trainable': True, 'dtype': 'float32', 'units': 256, 'activation': 'tanh', 'use_bias': True, 'kernel_initializer': {'class_name': 'GlorotUniform', 'config': {'seed': None}}, 'bias_initializer': {'class_name': 'Zeros', 'config': {}}, 'kernel_regularizer': None, 'bias_regularizer': None, 'activity_regularizer': None, 'kernel_constraint': None, 'bias_constraint': None}}, {'class_name': 'Dropout', 'config': {'name': 'dropout_1', 'trainable': True, 'dtype': 'float32', 'rate': 0.1, 'noise_shape': None, 'seed': None}}, {'class_name': 'Dense', 'config': {'name': 'dense_2', 'trainable': True, 'dtype': 'float32', 'units': 32, 'activation': 'elu', 'use_bias': True, 'kernel_initializer': {'class_name': 'GlorotUniform', 'config': {'seed': None}}, 'bias_initializer': {'class_name': 'Zeros', 'config': {}}, 'kernel_regularizer': None, 'bias_regularizer': None, 'activity_regularizer': None, 'kernel_constraint': None, 'bias_constraint': None}}, {'class_name': 'Dropout', 'config': {'name': 'dropout_2', 'trainable': True, 'dtype': 'float32', 'rate': 0.1, 'noise_shape': None, 'seed': None}}, {'class_name': 'Dense', 'config': {'name': 'dense_3', 'trainable': True, 'dtype': 'float32', 'units': 16, 'activation': 'tanh', 'use_bias': True, 'kernel_initializer': {'class_name': 'GlorotUniform', 'config': {'seed': None}}, 'bias_initializer': {'class_name': 'Zeros', 'config': {}}, 'kernel_regularizer': None, 'bias_regularizer': None, 'activity_regularizer': None, 'kernel_constraint': None, 'bias_constraint': None}}, {'class_name': 'Dropout', 'config': {'name': 'dropout_3', 'trainable': True, 'dtype': 'float32', 'rate': 0.1, 'noise_shape': None, 'seed': None}}, {'class_name': 'Dense', 'config': {'name': 'dense_4', 'trainable': True, 'dtype': 'float32', 'units': 64, 'activation': 'relu', 'use_bias': True, 'kernel_initializer': {'class_name': 'GlorotUniform', 'config': {'seed': None}}, 'bias_initializer': {'class_name': 'Zeros', 'config': {}}, 'kernel_regularizer': None, 'bias_regularizer': None, 'activity_regularizer': None, 'kernel_constraint': None, 'bias_constraint': None}}, {'class_name': 'Dropout', 'config': {'name': 'dropout_4', 'trainable': True, 'dtype': 'float32', 'rate': 0.1, 'noise_shape': None, 'seed': None}}, {'class_name': 'Dense', 'config': {'name': 'dense_5', 'trainable': True, 'dtype': 'float32', 'units': 32, 'activation': 'elu', 'use_bias': True, 'kernel_initializer': {'class_name': 'GlorotUniform', 'config': {'seed': None}}, 'bias_initializer': {'class_name': 'Zeros', 'config': {}}, 'kernel_regularizer': None, 'bias_regularizer': None, 'activity_regularizer': None, 'kernel_constraint': None, 'bias_constraint': None}}, {'class_name': 'Dense', 'config': {'name': 'dense_6', 'trainable': True, 'dtype': 'float32', 'units': 1, 'activation': 'sigmoid', 'use_bias': True, 'kernel_initializer': {'class_name': 'RandomNormal', 'config': {'mean': 0.0, 'stddev': 0.05, 'seed': None}}, 'bias_initializer': {'class_name': 'Zeros', 'config': {}}, 'kernel_regularizer': None, 'bias_regularizer': None, 'activity_regularizer': None, 'kernel_constraint': None, 'bias_constraint': None}}]}",150,0.1,<class 'tensorflow.python.keras.optimizer_v2.gradient_descent.SGD'>,binary_crossentropy,0.7323293871866294,0.7147525676937442,0.018,"['PCScreening_Major_last_5_checklists', 'PCRelationship_Major_last_5_checklists', 'DRDocumentation_standard_Minor_last_10_checklists', 'TLAssignedName_Skrzynecki__P___Piotr_', 'DRClient_Outreach_Critical_last_10_checklists', 'DRClient_Outreach_Major_last_5_checklists', 'DRClient_Outreach_Major_last_10_checklists', 'ProjectExperience', 'PCDocumentation_standard_Minor_last_5_checklists', 'PCScreening_Major_last_10_checklists', 'TeamExperience', 'PCDocumentation_standard_Major_last_10_checklists', 'PCDocumentation_standard_Minor_last_10_checklists', 'PCDocumentation_standard_Major_last_5_checklists']"
1,0.055,50,"{'name': 'sequential', 'layers': [{'class_name': 'Dense', 'config': {'name': 'dense', 'trainable': True, 'batch_input_shape': (None, 14), 'dtype': 'float32', 'units': 256, 'activation': 'elu', 'use_bias': True, 'kernel_initializer': {'class_name': 'GlorotUniform', 'config': {'seed': None}}, 'bias_initializer': {'class_name': 'Zeros', 'config': {}}, 'kernel_regularizer': None, 'bias_regularizer': None, 'activity_regularizer': None, 'kernel_constraint': None, 'bias_constraint': None}}, {'class_name': 'Dropout', 'config': {'name': 'dropout', 'trainable': True, 'dtype': 'float32', 'rate': 0.2, 'noise_shape': None, 'seed': None}}, {'class_name': 'Dense', 'config': {'name': 'dense_1', 'trainable': True, 'dtype': 'float32', 'units': 128, 'activation': 'elu', 'use_bias': True, 'kernel_initializer': {'class_name': 'GlorotUniform', 'config': {'seed': None}}, 'bias_initializer': {'class_name': 'Zeros', 'config': {}}, 'kernel_regularizer': None, 'bias_regularizer': None, 'activity_regularizer': None, 'kernel_constraint': None, 'bias_constraint': None}}, {'class_name': 'Dense', 'config': {'name': 'dense_2', 'trainable': True, 'dtype': 'float32', 'units': 1, 'activation': 'sigmoid', 'use_bias': True, 'kernel_initializer': {'class_name': 'RandomNormal', 'config': {'mean': 0.0, 'stddev': 0.05, 'seed': None}}, 'bias_initializer': {'class_name': 'Zeros', 'config': {}}, 'kernel_regularizer': None, 'bias_regularizer': None, 'activity_regularizer': None, 'kernel_constraint': None, 'bias_constraint': None}}]}",200,0.2,<class 'tensorflow.python.keras.optimizer_v2.adam.Adam'>,binary_crossentropy,0.6974016364902508,0.7100840336134454,-0.013,"['PCScreening_Major_last_5_checklists', 'PCRelationship_Major_last_5_checklists', 'DRDocumentation_standard_Minor_last_10_checklists', 'TLAssignedName_Skrzynecki__P___Piotr_', 'DRClient_Outreach_Critical_last_10_checklists', 'DRClient_Outreach_Major_last_5_checklists', 'DRClient_Outreach_Major_last_10_checklists', 'ProjectExperience', 'PCDocumentation_standard_Minor_last_5_checklists', 'PCScreening_Major_last_10_checklists', 'TeamExperience', 'PCDocumentation_standard_Major_last_10_checklists', 'PCDocumentation_standard_Minor_last_10_checklists', 'PCDocumentation_standard_Major_last_5_checklists']"
2,0.07,70,"{'name': 'sequential', 'layers': [{'class_name': 'Dense', 'config': {'name': 'dense', 'trainable': True, 'batch_input_shape': (None, 14), 'dtype': 'float32', 'units': 512, 'activation': 'elu', 'use_bias': True, 'kernel_initializer': {'class_name': 'GlorotUniform', 'config': {'seed': None}}, 'bias_initializer': {'class_name': 'Zeros', 'config': {}}, 'kernel_regularizer': None, 'bias_regularizer': None, 'activity_regularizer': None, 'kernel_constraint': None, 'bias_constraint': None}}, {'class_name': 'Dropout', 'config': {'name': 'dropout', 'trainable': True, 'dtype': 'float32', 'rate': 0.1, 'noise_shape': None, 'seed': None}}, {'class_name': 'Dense', 'config': {'name': 'dense_1', 'trainable': True, 'dtype': 'float32', 'units': 64, 'activation': 'elu', 'use_bias': True, 'kernel_initializer': {'class_name': 'GlorotUniform', 'config': {'seed': None}}, 'bias_initializer': {'class_name': 'Zeros', 'config': {}}, 'kernel_regularizer': None, 'bias_regularizer': None, 'activity_regularizer': None, 'kernel_constraint': None, 'bias_constraint': None}}, {'class_name': 'Dropout', 'config': {'name': 'dropout_1', 'trainable': True, 'dtype': 'float32', 'rate': 0.1, 'noise_shape': None, 'seed': None}}, {'class_name': 'Dense', 'config': {'name': 'dense_2', 'trainable': True, 'dtype': 'float32', 'units': 128, 'activation': 'relu', 'use_bias': True, 'kernel_initializer': {'class_name': 'GlorotUniform', 'config': {'seed': None}}, 'bias_initializer': {'class_name': 'Zeros', 'config': {}}, 'kernel_regularizer': None, 'bias_regularizer': None, 'activity_regularizer': None, 'kernel_constraint': None, 'bias_constraint': None}}, {'class_name': 'Dense', 'config': {'name': 'dense_3', 'trainable': True, 'dtype': 'float32', 'units': 1, 'activation': 'sigmoid', 'use_bias': True, 'kernel_initializer': {'class_name': 'RandomNormal', 'config': {'mean': 0.0, 'stddev': 0.05, 'seed': None}}, 'bias_initializer': {'class_name': 'Zeros', 'config': {}}, 'kernel_regularizer': None, 'bias_regularizer': None, 'activity_regularizer': None, 'kernel_constraint': None, 'bias_constraint': None}}]}",100,0.1,<class 'tensorflow.python.keras.optimizer_v2.adam.Adam'>,binary_crossentropy,0.7338091922005572,0.7203548085901027,0.013,"['PCScreening_Major_last_5_checklists', 'PCRelationship_Major_last_5_checklists', 'DRDocumentation_standard_Minor_last_10_checklists', 'TLAssignedName_Skrzynecki__P___Piotr_', 'DRClient_Outreach_Critical_last_10_checklists', 'DRClient_Outreach_Major_last_5_checklists', 'DRClient_Outreach_Major_last_10_checklists', 'ProjectExperience', 'PCDocumentation_standard_Minor_last_5_checklists', 'PCScreening_Major_last_10_checklists', 'TeamExperience', 'PCDocumentation_standard_Major_last_10_checklists', 'PCDocumentation_standard_Minor_last_10_checklists', 'PCDocumentation_standard_Major_last_5_checklists']"
3,0.095,20,"{'name': 'sequential', 'layers': [{'class_name': 'Dense', 'config': {'name': 'dense', 'trainable': True, 'batch_input_shape': (None, 14), 'dtype': 'float32', 'units': 32, 'activation': 'relu', 'use_bias': True, 'kernel_initializer': {'class_name': 'GlorotUniform', 'config': {'seed': None}}, 'bias_initializer': {'class_name': 'Zeros', 'config': {}}, 'kernel_regularizer': None, 'bias_regularizer': None, 'activity_regularizer': None, 'kernel_constraint': None, 'bias_constraint': None}}, {'class_name': 'Dropout', 'config': {'name': 'dropout', 'trainable': True, 'dtype': 'float32', 'rate': 0.2, 'noise_shape': None, 'seed': None}}, {'class_name': 'Dense', 'config': {'name': 'dense_1', 'trainable': True, 'dtype': 'float32', 'units': 64, 'activation': 'relu', 'use_bias': True, 'kernel_initializer': {'class_name': 'GlorotUniform', 'config': {'seed': None}}, 'bias_initializer': {'class_name': 'Zeros', 'config': {}}, 'kernel_regularizer': None, 'bias_regularizer': None, 'activity_regularizer': None, 'kernel_constraint': None, 'bias_constraint': None}}, {'class_name': 'Dropout', 'config': {'name': 'dropout_1', 'trainable': True, 'dtype': 'float32', 'rate': 0.2, 'noise_shape': None, 'seed': None}}, {'class_name': 'Dense', 'config': {'name': 'dense_2', 'trainable': True, 'dtype': 'float32', 'units': 64, 'activation': 'tanh', 'use_bias': True, 'kernel_initializer': {'class_name': 'GlorotUniform', 'config': {'seed': None}}, 'bias_initializer': {'class_name': 'Zeros', 'config': {}}, 'kernel_regularizer': None, 'bias_regularizer': None, 'activity_regularizer': None, 'kernel_constraint': None, 'bias_constraint': None}}, {'class_name': 'Dropout', 'config': {'name': 'dropout_2', 'trainable': True, 'dtype': 'float32', 'rate': 0.2, 'noise_shape': None, 'seed': None}}, {'class_name': 'Dense', 'config': {'name': 'dense_3', 'trainable': True, 'dtype': 'float32', 'units': 128, 'activation': 'tanh', 'use_bias': True, 'kernel_initializer': {'class_name': 'GlorotUniform', 'config': {'seed': None}}, 'bias_initializer': {'class_name': 'Zeros', 'config': {}}, 'kernel_regularizer': None, 'bias_regularizer': None, 'activity_regularizer': None, 'kernel_constraint': None, 'bias_constraint': None}}, {'class_name': 'Dropout', 'config': {'name': 'dropout_3', 'trainable': True, 'dtype': 'float32', 'rate': 0.2, 'noise_shape': None, 'seed': None}}, {'class_name': 'Dense', 'config': {'name': 'dense_4', 'trainable': True, 'dtype': 'float32', 'units': 16, 'activation': 'relu', 'use_bias': True, 'kernel_initializer': {'class_name': 'GlorotUniform', 'config': {'seed': None}}, 'bias_initializer': {'class_name': 'Zeros', 'config': {}}, 'kernel_regularizer': None, 'bias_regularizer': None, 'activity_regularizer': None, 'kernel_constraint': None, 'bias_constraint': None}}, {'class_name': 'Dropout', 'config': {'name': 'dropout_4', 'trainable': True, 'dtype': 'float32', 'rate': 0.2, 'noise_shape': None, 'seed': None}}, {'class_name': 'Dense', 'config': {'name': 'dense_5', 'trainable': True, 'dtype': 'float32', 'units': 512, 'activation': 'tanh', 'use_bias': True, 'kernel_initializer': {'class_name': 'GlorotUniform', 'config': {'seed': None}}, 'bias_initializer': {'class_name': 'Zeros', 'config': {}}, 'kernel_regularizer': None, 'bias_regularizer': None, 'activity_regularizer': None, 'kernel_constraint': None, 'bias_constraint': None}}, {'class_name': 'Dropout', 'config': {'name': 'dropout_5', 'trainable': True, 'dtype': 'float32', 'rate': 0.2, 'noise_shape': None, 'seed': None}}, {'class_name': 'Dense', 'config': {'name': 'dense_6', 'trainable': True, 'dtype': 'float32', 'units': 32, 'activation': 'tanh', 'use_bias': True, 'kernel_initializer': {'class_name': 'GlorotUniform', 'config': {'seed': None}}, 'bias_initializer': {'class_name': 'Zeros', 'config': {}}, 'kernel_regularizer': None, 'bias_regularizer': None, 'activity_regularizer': None, 'kernel_constraint': None, 'bias_constraint': None}}, {'class_name': 'Dense', 'config': {'name': 'dense_7', 'trainable': True, 'dtype': 'float32', 'units': 1, 'activation': 'sigmoid', 'use_bias': True, 'kernel_initializer': {'class_name': 'RandomNormal', 'config': {'mean': 0.0, 'stddev': 0.05, 'seed': None}}, 'bias_initializer': {'class_name': 'Zeros', 'config': {}}, 'kernel_regularizer': None, 'bias_regularizer': None, 'activity_regularizer': None, 'kernel_constraint': None, 'bias_constraint': None}}]}",150,0.2,<class 'tensorflow.python.keras.optimizer_v2.gradient_descent.SGD'>,binary_crossentropy,0.765625,0.7516339869281046,0.014,"['PCScreening_Major_last_5_checklists', 'PCRelationship_Major_last_5_checklists', 'DRDocumentation_standard_Minor_last_10_checklists', 'TLAssignedName_Skrzynecki__P___Piotr_', 'DRClient_Outreach_Critical_last_10_checklists', 'DRClient_Outreach_Major_last_5_checklists', 'DRClient_Outreach_Major_last_10_checklists', 'ProjectExperience', 'PCDocumentation_standard_Minor_last_5_checklists', 'PCScreening_Major_last_10_checklists', 'TeamExperience', 'PCDocumentation_standard_Major_last_10_checklists', 'PCDocumentation_standard_Minor_last_10_checklists', 'PCDocumentation_standard_Major_last_5_checklists']"
4,0.030000000000000002,40,"{'name': 'sequential', 'layers': [{'class_name': 'Dense', 'config': {'name': 'dense', 'trainable': True, 'batch_input_shape': (None, 14), 'dtype': 'float32', 'units': 64, 'activation': 'tanh', 'use_bias': True, 'kernel_initializer': {'class_name': 'GlorotUniform', 'config': {'seed': None}}, 'bias_initializer': {'class_name': 'Zeros', 'config': {}}, 'kernel_regularizer': None, 'bias_regularizer': None, 'activity_regularizer': None, 'kernel_constraint': None, 'bias_constraint': None}}, {'class_name': 'Dropout', 'config': {'name': 'dropout', 'trainable': True, 'dtype': 'float32', 'rate': 0.15000000000000002, 'noise_shape': None, 'seed': None}}, {'class_name': 'Dense', 'config': {'name': 'dense_1', 'trainable': True, 'dtype': 'float32', 'units': 256, 'activation': 'tanh', 'use_bias': True, 'kernel_initializer': {'class_name': 'GlorotUniform', 'config': {'seed': None}}, 'bias_initializer': {'class_name': 'Zeros', 'config': {}}, 'kernel_regularizer': None, 'bias_regularizer': None, 'activity_regularizer': None, 'kernel_constraint': None, 'bias_constraint': None}}, {'class_name': 'Dropout', 'config': {'name': 'dropout_1', 'trainable': True, 'dtype': 'float32', 'rate': 0.15000000000000002, 'noise_shape': None, 'seed': None}}, {'class_name': 'Dense', 'config': {'name': 'dense_2', 'trainable': True, 'dtype': 'float32', 'units': 64, 'activation': 'relu', 'use_bias': True, 'kernel_initializer': {'class_name': 'GlorotUniform', 'config': {'seed': None}}, 'bias_initializer': {'class_name': 'Zeros', 'config': {}}, 'kernel_regularizer': None, 'bias_regularizer': None, 'activity_regularizer': None, 'kernel_constraint': None, 'bias_constraint': None}}, {'class_name': 'Dense', 'config': {'name': 'dense_3', 'trainable': True, 'dtype': 'float32', 'units': 1, 'activation': 'sigmoid', 'use_bias': True, 'kernel_initializer': {'class_name': 'RandomNormal', 'config': {'mean': 0.0, 'stddev': 0.05, 'seed': None}}, 'bias_initializer': {'class_name': 'Zeros', 'config': {}}, 'kernel_regularizer': None, 'bias_regularizer': None, 'activity_regularizer': None, 'kernel_constraint': None, 'bias_constraint': None}}]}",100,0.15000000000000002,<class 'tensorflow.python.keras.optimizer_v2.adam.Adam'>,binary_crossentropy,0.7851236072423399,0.7987861811391223,-0.014,"['PCScreening_Major_last_5_checklists', 'PCRelationship_Major_last_5_checklists', 'DRDocumentation_standard_Minor_last_10_checklists', 'TLAssignedName_Skrzynecki__P___Piotr_', 'DRClient_Outreach_Critical_last_10_checklists', 'DRClient_Outreach_Major_last_5_checklists', 'DRClient_Outreach_Major_last_10_checklists', 'ProjectExperience', 'PCDocumentation_standard_Minor_last_5_checklists', 'PCScreening_Major_last_10_checklists', 'TeamExperience', 'PCDocumentation_standard_Major_last_10_checklists', 'PCDocumentation_standard_Minor_last_10_checklists', 'PCDocumentation_standard_Major_last_5_checklists']"
5,0.005,80,"{'name': 'sequential', 'layers': [{'class_name': 'Dense', 'config': {'name': 'dense', 'trainable': True, 'batch_input_shape': (None, 14), 'dtype': 'float32', 'units': 512, 'activation': 'elu', 'use_bias': True, 'kernel_initializer': {'class_name': 'GlorotUniform', 'config': {'seed': None}}, 'bias_initializer': {'class_name': 'Zeros', 'config': {}}, 'kernel_regularizer': None, 'bias_regularizer': None, 'activity_regularizer': None, 'kernel_constraint': None, 'bias_constraint': None}}, {'class_name': 'Dropout', 'config': {'name': 'dropout', 'trainable': True, 'dtype': 'float32', 'rate': 0.2, 'noise_shape': None, 'seed': None}}, {'class_name': 'Dense', 'config': {'name': 'dense_1', 'trainable': True, 'dtype': 'float32', 'units': 256, 'activation': 'tanh', 'use_bias': True, 'kernel_initializer': {'class_name': 'GlorotUniform', 'config': {'seed': None}}, 'bias_initializer': {'class_name': 'Zeros', 'config': {}}, 'kernel_regularizer': None, 'bias_regularizer': None, 'activity_regularizer': None, 'kernel_constraint': None, 'bias_constraint': None}}, {'class_name': 'Dropout', 'config': {'name': 'dropout_1', 'trainable': True, 'dtype': 'float32', 'rate': 0.2, 'noise_shape': None, 'seed': None}}, {'class_name': 'Dense', 'config': {'name': 'dense_2', 'trainable': True, 'dtype': 'float32', 'units': 32, 'activation': 'tanh', 'use_bias': True, 'kernel_initializer': {'class_name': 'GlorotUniform', 'config': {'seed': None}}, 'bias_initializer': {'class_name': 'Zeros', 'config': {}}, 'kernel_regularizer': None, 'bias_regularizer': None, 'activity_regularizer': None, 'kernel_constraint': None, 'bias_constraint': None}}, {'class_name': 'Dense', 'config': {'name': 'dense_3', 'trainable': True, 'dtype': 'float32', 'units': 1, 'activation': 'sigmoid', 'use_bias': True, 'kernel_initializer': {'class_name': 'RandomNormal', 'config': {'mean': 0.0, 'stddev': 0.05, 'seed': None}}, 'bias_initializer': {'class_name': 'Zeros', 'config': {}}, 'kernel_regularizer': None, 'bias_regularizer': None, 'activity_regularizer': None, 'kernel_constraint': None, 'bias_constraint': None}}]}",200,0.2,<class 'tensorflow.python.keras.optimizer_v2.adam.Adam'>,binary_crossentropy,0.7083913649025069,0.7026143790849674,0.006,"['PCScreening_Major_last_5_checklists', 'PCRelationship_Major_last_5_checklists', 'DRDocumentation_standard_Minor_last_10_checklists', 'TLAssignedName_Skrzynecki__P___Piotr_', 'DRClient_Outreach_Critical_last_10_checklists', 'DRClient_Outreach_Major_last_5_checklists', 'DRClient_Outreach_Major_last_10_checklists', 'ProjectExperience', 'PCDocumentation_standard_Minor_last_5_checklists', 'PCScreening_Major_last_10_checklists', 'TeamExperience', 'PCDocumentation_standard_Major_last_10_checklists', 'PCDocumentation_standard_Minor_last_10_checklists', 'PCDocumentation_standard_Major_last_5_checklists']"
6,0.01,20,"{'name': 'sequential', 'layers': [{'class_name': 'Dense', 'config': {'name': 'dense', 'trainable': True, 'batch_input_shape': (None, 14), 'dtype': 'float32', 'units': 128, 'activation': 'tanh', 'use_bias': True, 'kernel_initializer': {'class_name': 'GlorotUniform', 'config': {'seed': None}}, 'bias_initializer': {'class_name': 'Zeros', 'config': {}}, 'kernel_regularizer': None, 'bias_regularizer': None, 'activity_regularizer': None, 'kernel_constraint': None, 'bias_constraint': None}}, {'class_name': 'Dropout', 'config': {'name': 'dropout', 'trainable': True, 'dtype': 'float32', 'rate': 0.1, 'noise_shape': None, 'seed': None}}, {'class_name': 'Dense', 'config': {'name': 'dense_1', 'trainable': True, 'dtype': 'float32', 'units': 256, 'activation': 'relu', 'use_bias': True, 'kernel_initializer': {'class_name': 'GlorotUniform', 'config': {'seed': None}}, 'bias_initializer': {'class_name': 'Zeros', 'config': {}}, 'kernel_regularizer': None, 'bias_regularizer': None, 'activity_regularizer': None, 'kernel_constraint': None, 'bias_constraint': None}}, {'class_name': 'Dropout', 'config': {'name': 'dropout_1', 'trainable': True, 'dtype': 'float32', 'rate': 0.1, 'noise_shape': None, 'seed': None}}, {'class_name': 'Dense', 'config': {'name': 'dense_2', 'trainable': True, 'dtype': 'float32', 'units': 64, 'activation': 'elu', 'use_bias': True, 'kernel_initializer': {'class_name': 'GlorotUniform', 'config': {'seed': None}}, 'bias_initializer': {'class_name': 'Zeros', 'config': {}}, 'kernel_regularizer': None, 'bias_regularizer': None, 'activity_regularizer': None, 'kernel_constraint': None, 'bias_constraint': None}}, {'class_name': 'Dropout', 'config': {'name': 'dropout_2', 'trainable': True, 'dtype': 'float32', 'rate': 0.1, 'noise_shape': None, 'seed': None}}, {'class_name': 'Dense', 'config': {'name': 'dense_3', 'trainable': True, 'dtype': 'float32', 'units': 32, 'activation': 'tanh', 'use_bias': True, 'kernel_initializer': {'class_name': 'GlorotUniform', 'config': {'seed': None}}, 'bias_initializer': {'class_name': 'Zeros', 'config': {}}, 'kernel_regularizer': None, 'bias_regularizer': None, 'activity_regularizer': None, 'kernel_constraint': None, 'bias_constraint': None}}, {'class_name': 'Dropout', 'config': {'name': 'dropout_3', 'trainable': True, 'dtype': 'float32', 'rate': 0.1, 'noise_shape': None, 'seed': None}}, {'class_name': 'Dense', 'config': {'name': 'dense_4', 'trainable': True, 'dtype': 'float32', 'units': 32, 'activation': 'elu', 'use_bias': True, 'kernel_initializer': {'class_name': 'GlorotUniform', 'config': {'seed': None}}, 'bias_initializer': {'class_name': 'Zeros', 'config': {}}, 'kernel_regularizer': None, 'bias_regularizer': None, 'activity_regularizer': None, 'kernel_constraint': None, 'bias_constraint': None}}, {'class_name': 'Dropout', 'config': {'name': 'dropout_4', 'trainable': True, 'dtype': 'float32', 'rate': 0.1, 'noise_shape': None, 'seed': None}}, {'class_name': 'Dense', 'config': {'name': 'dense_5', 'trainable': True, 'dtype': 'float32', 'units': 128, 'activation': 'tanh', 'use_bias': True, 'kernel_initializer': {'class_name': 'GlorotUniform', 'config': {'seed': None}}, 'bias_initializer': {'class_name': 'Zeros', 'config': {}}, 'kernel_regularizer': None, 'bias_regularizer': None, 'activity_regularizer': None, 'kernel_constraint': None, 'bias_constraint': None}}, {'class_name': 'Dropout', 'config': {'name': 'dropout_5', 'trainable': True, 'dtype': 'float32', 'rate': 0.1, 'noise_shape': None, 'seed': None}}, {'class_name': 'Dense', 'config': {'name': 'dense_6', 'trainable': True, 'dtype': 'float32', 'units': 512, 'activation': 'tanh', 'use_bias': True, 'kernel_initializer': {'class_name': 'GlorotUniform', 'config': {'seed': None}}, 'bias_initializer': {'class_name': 'Zeros', 'config': {}}, 'kernel_regularizer': None, 'bias_regularizer': None, 'activity_regularizer': None, 'kernel_constraint': None, 'bias_constraint': None}}, {'class_name': 'Dense', 'config': {'name': 'dense_7', 'trainable': True, 'dtype': 'float32', 'units': 1, 'activation': 'sigmoid', 'use_bias': True, 'kernel_initializer': {'class_name': 'RandomNormal', 'config': {'mean': 0.0, 'stddev': 0.05, 'seed': None}}, 'bias_initializer': {'class_name': 'Zeros', 'config': {}}, 'kernel_regularizer': None, 'bias_regularizer': None, 'activity_regularizer': None, 'kernel_constraint': None, 'bias_constraint': None}}]}",100,0.1,<class 'tensorflow.python.keras.optimizer_v2.adam.Adam'>,binary_crossentropy,0.6975974930362117,0.707282913165266,-0.01,"['PCScreening_Major_last_5_checklists', 'PCRelationship_Major_last_5_checklists', 'DRDocumentation_standard_Minor_last_10_checklists', 'TLAssignedName_Skrzynecki__P___Piotr_', 'DRClient_Outreach_Critical_last_10_checklists', 'DRClient_Outreach_Major_last_5_checklists', 'DRClient_Outreach_Major_last_10_checklists', 'ProjectExperience', 'PCDocumentation_standard_Minor_last_5_checklists', 'PCScreening_Major_last_10_checklists', 'TeamExperience', 'PCDocumentation_standard_Major_last_10_checklists', 'PCDocumentation_standard_Minor_last_10_checklists', 'PCDocumentation_standard_Major_last_5_checklists']"
7,0.025,30,"{'name': 'sequential', 'layers': [{'class_name': 'Dense', 'config': {'name': 'dense', 'trainable': True, 'batch_input_shape': (None, 14), 'dtype': 'float32', 'units': 128, 'activation': 'elu', 'use_bias': True, 'kernel_initializer': {'class_name': 'GlorotUniform', 'config': {'seed': None}}, 'bias_initializer': {'class_name': 'Zeros', 'config': {}}, 'kernel_regularizer': None, 'bias_regularizer': None, 'activity_regularizer': None, 'kernel_constraint': None, 'bias_constraint': None}}, {'class_name': 'Dropout', 'config': {'name': 'dropout', 'trainable': True, 'dtype': 'float32', 'rate': 0.05, 'noise_shape': None, 'seed': None}}, {'class_name': 'Dense', 'config': {'name': 'dense_1', 'trainable': True, 'dtype': 'float32', 'units': 128, 'activation': 'elu', 'use_bias': True, 'kernel_initializer': {'class_name': 'GlorotUniform', 'config': {'seed': None}}, 'bias_initializer': {'class_name': 'Zeros', 'config': {}}, 'kernel_regularizer': None, 'bias_regularizer': None, 'activity_regularizer': None, 'kernel_constraint': None, 'bias_constraint': None}}, {'class_name': 'Dropout', 'config': {'name': 'dropout_1', 'trainable': True, 'dtype': 'float32', 'rate': 0.05, 'noise_shape': None, 'seed': None}}, {'class_name': 'Dense', 'config': {'name': 'dense_2', 'trainable': True, 'dtype': 'float32', 'units': 256, 'activation': 'elu', 'use_bias': True, 'kernel_initializer': {'class_name': 'GlorotUniform', 'config': {'seed': None}}, 'bias_initializer': {'class_name': 'Zeros', 'config': {}}, 'kernel_regularizer': None, 'bias_regularizer': None, 'activity_regularizer': None, 'kernel_constraint': None, 'bias_constraint': None}}, {'class_name': 'Dropout', 'config': {'name': 'dropout_2', 'trainable': True, 'dtype': 'float32', 'rate': 0.05, 'noise_shape': None, 'seed': None}}, {'class_name': 'Dense', 'config': {'name': 'dense_3', 'trainable': True, 'dtype': 'float32', 'units': 256, 'activation': 'relu', 'use_bias': True, 'kernel_initializer': {'class_name': 'GlorotUniform', 'config': {'seed': None}}, 'bias_initializer': {'class_name': 'Zeros', 'config': {}}, 'kernel_regularizer': None, 'bias_regularizer': None, 'activity_regularizer': None, 'kernel_constraint': None, 'bias_constraint': None}}, {'class_name': 'Dropout', 'config': {'name': 'dropout_3', 'trainable': True, 'dtype': 'float32', 'rate': 0.05, 'noise_shape': None, 'seed': None}}, {'class_name': 'Dense', 'config': {'name': 'dense_4', 'trainable': True, 'dtype': 'float32', 'units': 16, 'activation': 'elu', 'use_bias': True, 'kernel_initializer': {'class_name': 'GlorotUniform', 'config': {'seed': None}}, 'bias_initializer': {'class_name': 'Zeros', 'config': {}}, 'kernel_regularizer': None, 'bias_regularizer': None, 'activity_regularizer': None, 'kernel_constraint': None, 'bias_constraint': None}}, {'class_name': 'Dense', 'config': {'name': 'dense_5', 'trainable': True, 'dtype': 'float32', 'units': 1, 'activation': 'sigmoid', 'use_bias': True, 'kernel_initializer': {'class_name': 'RandomNormal', 'config': {'mean': 0.0, 'stddev': 0.05, 'seed': None}}, 'bias_initializer': {'class_name': 'Zeros', 'config': {}}, 'kernel_regularizer': None, 'bias_regularizer': None, 'activity_regularizer': None, 'kernel_constraint': None, 'bias_constraint': None}}]}",100,0.05,<class 'tensorflow.python.keras.optimizer_v2.gradient_descent.SGD'>,binary_crossentropy,0.7437761142061281,0.7329598506069095,0.011,"['PCScreening_Major_last_5_checklists', 'PCRelationship_Major_last_5_checklists', 'DRDocumentation_standard_Minor_last_10_checklists', 'TLAssignedName_Skrzynecki__P___Piotr_', 'DRClient_Outreach_Critical_last_10_checklists', 'DRClient_Outreach_Major_last_5_checklists', 'DRClient_Outreach_Major_last_10_checklists', 'ProjectExperience', 'PCDocumentation_standard_Minor_last_5_checklists', 'PCScreening_Major_last_10_checklists', 'TeamExperience', 'PCDocumentation_standard_Major_last_10_checklists', 'PCDocumentation_standard_Minor_last_10_checklists', 'PCDocumentation_standard_Major_last_5_checklists']"
8,0.055,70,"{'name': 'sequential', 'layers': [{'class_name': 'Dense', 'config': {'name': 'dense', 'trainable': True, 'batch_input_shape': (None, 14), 'dtype': 'float32', 'units': 32, 'activation': 'tanh', 'use_bias': True, 'kernel_initializer': {'class_name': 'GlorotUniform', 'config': {'seed': None}}, 'bias_initializer': {'class_name': 'Zeros', 'config': {}}, 'kernel_regularizer': None, 'bias_regularizer': None, 'activity_regularizer': None, 'kernel_constraint': None, 'bias_constraint': None}}, {'class_name': 'Dropout', 'config': {'name': 'dropout', 'trainable': True, 'dtype': 'float32', 'rate': 0.15000000000000002, 'noise_shape': None, 'seed': None}}, {'class_name': 'Dense', 'config': {'name': 'dense_1', 'trainable': True, 'dtype': 'float32', 'units': 64, 'activation': 'tanh', 'use_bias': True, 'kernel_initializer': {'class_name': 'GlorotUniform', 'config': {'seed': None}}, 'bias_initializer': {'class_name': 'Zeros', 'config': {}}, 'kernel_regularizer': None, 'bias_regularizer': None, 'activity_regularizer': None, 'kernel_constraint': None, 'bias_constraint': None}}, {'class_name': 'Dropout', 'config': {'name': 'dropout_1', 'trainable': True, 'dtype': 'float32', 'rate': 0.15000000000000002, 'noise_shape': None, 'seed': None}}, {'class_name': 'Dense', 'config': {'name': 'dense_2', 'trainable': True, 'dtype': 'float32', 'units': 128, 'activation': 'elu', 'use_bias': True, 'kernel_initializer': {'class_name': 'GlorotUniform', 'config': {'seed': None}}, 'bias_initializer': {'class_name': 'Zeros', 'config': {}}, 'kernel_regularizer': None, 'bias_regularizer': None, 'activity_regularizer': None, 'kernel_constraint': None, 'bias_constraint': None}}, {'class_name': 'Dropout', 'config': {'name': 'dropout_2', 'trainable': True, 'dtype': 'float32', 'rate': 0.15000000000000002, 'noise_shape': None, 'seed': None}}, {'class_name': 'Dense', 'config': {'name': 'dense_3', 'trainable': True, 'dtype': 'float32', 'units': 64, 'activation': 'tanh', 'use_bias': True, 'kernel_initializer': {'class_name': 'GlorotUniform', 'config': {'seed': None}}, 'bias_initializer': {'class_name': 'Zeros', 'config': {}}, 'kernel_regularizer': None, 'bias_regularizer': None, 'activity_regularizer': None, 'kernel_constraint': None, 'bias_constraint': None}}, {'class_name': 'Dense', 'config': {'name': 'dense_4', 'trainable': True, 'dtype': 'float32', 'units': 1, 'activation': 'sigmoid', 'use_bias': True, 'kernel_initializer': {'class_name': 'RandomNormal', 'config': {'mean': 0.0, 'stddev': 0.05, 'seed': None}}, 'bias_initializer': {'class_name': 'Zeros', 'config': {}}, 'kernel_regularizer': None, 'bias_regularizer': None, 'activity_regularizer': None, 'kernel_constraint': None, 'bias_constraint': None}}]}",150,0.15000000000000002,<class 'tensorflow.python.keras.optimizer_v2.gradient_descent.SGD'>,binary_crossentropy,0.7269759749303621,0.7296918767507004,-0.003,"['PCScreening_Major_last_5_checklists', 'PCRelationship_Major_last_5_checklists', 'DRDocumentation_standard_Minor_last_10_checklists', 'TLAssignedName_Skrzynecki__P___Piotr_', 'DRClient_Outreach_Critical_last_10_checklists', 'DRClient_Outreach_Major_last_5_checklists', 'DRClient_Outreach_Major_last_10_checklists', 'ProjectExperience', 'PCDocumentation_standard_Minor_last_5_checklists', 'PCScreening_Major_last_10_checklists', 'TeamExperience', 'PCDocumentation_standard_Major_last_10_checklists', 'PCDocumentation_standard_Minor_last_10_checklists', 'PCDocumentation_standard_Major_last_5_checklists']"
9,0.005,70,"{'name': 'sequential', 'layers': [{'class_name': 'Dense', 'config': {'name': 'dense', 'trainable': True, 'batch_input_shape': (None, 14), 'dtype': 'float32', 'units': 128, 'activation': 'tanh', 'use_bias': True, 'kernel_initializer': {'class_name': 'GlorotUniform', 'config': {'seed': None}}, 'bias_initializer': {'class_name': 'Zeros', 'config': {}}, 'kernel_regularizer': None, 'bias_regularizer': None, 'activity_regularizer': None, 'kernel_constraint': None, 'bias_constraint': None}}, {'class_name': 'Dropout', 'config': {'name': 'dropout', 'trainable': True, 'dtype': 'float32', 'rate': 0.2, 'noise_shape': None, 'seed': None}}, {'class_name': 'Dense', 'config': {'name': 'dense_1', 'trainable': True, 'dtype': 'float32', 'units': 16, 'activation': 'elu', 'use_bias': True, 'kernel_initializer': {'class_name': 'GlorotUniform', 'config': {'seed': None}}, 'bias_initializer': {'class_name': 'Zeros', 'config': {}}, 'kernel_regularizer': None, 'bias_regularizer': None, 'activity_regularizer': None, 'kernel_constraint': None, 'bias_constraint': None}}, {'class_name': 'Dropout', 'config': {'name': 'dropout_1', 'trainable': True, 'dtype': 'float32', 'rate': 0.2, 'noise_shape': None, 'seed': None}}, {'class_name': 'Dense', 'config': {'name': 'dense_2', 'trainable': True, 'dtype': 'float32', 'units': 256, 'activation': 'relu', 'use_bias': True, 'kernel_initializer': {'class_name': 'GlorotUniform', 'config': {'seed': None}}, 'bias_initializer': {'class_name': 'Zeros', 'config': {}}, 'kernel_regularizer': None, 'bias_regularizer': None, 'activity_regularizer': None, 'kernel_constraint': None, 'bias_constraint': None}}, {'class_name': 'Dropout', 'config': {'name': 'dropout_2', 'trainable': True, 'dtype': 'float32', 'rate': 0.2, 'noise_shape': None, 'seed': None}}, {'class_name': 'Dense', 'config': {'name': 'dense_3', 'trainable': True, 'dtype': 'float32', 'units': 16, 'activation': 'elu', 'use_bias': True, 'kernel_initializer': {'class_name': 'GlorotUniform', 'config': {'seed': None}}, 'bias_initializer': {'class_name': 'Zeros', 'config': {}}, 'kernel_regularizer': None, 'bias_regularizer': None, 'activity_regularizer': None, 'kernel_constraint': None, 'bias_constraint': None}}, {'class_name': 'Dense', 'config': {'name': 'dense_4', 'trainable': True, 'dtype': 'float32', 'units': 1, 'activation': 'sigmoid', 'use_bias': True, 'kernel_initializer': {'class_name': 'RandomNormal', 'config': {'mean': 0.0, 'stddev': 0.05, 'seed': None}}, 'bias_initializer': {'class_name': 'Zeros', 'config': {}}, 'kernel_regularizer': None, 'bias_regularizer': None, 'activity_regularizer': None, 'kernel_constraint': None, 'bias_constraint': None}}]}",100,0.2,<class 'tensorflow.python.keras.optimizer_v2.adam.Adam'>,binary_crossentropy,0.8153725626740946,0.7955182072829131,0.02,"['PCScreening_Major_last_5_checklists', 'PCRelationship_Major_last_5_checklists', 'DRDocumentation_standard_Minor_last_10_checklists', 'TLAssignedName_Skrzynecki__P___Piotr_', 'DRClient_Outreach_Critical_last_10_checklists', 'DRClient_Outreach_Major_last_5_checklists', 'DRClient_Outreach_Major_last_10_checklists', 'ProjectExperience', 'PCDocumentation_standard_Minor_last_5_checklists', 'PCScreening_Major_last_10_checklists', 'TeamExperience', 'PCDocumentation_standard_Major_last_10_checklists', 'PCDocumentation_standard_Minor_last_10_checklists', 'PCDocumentation_standard_Major_last_5_checklists']"
10,0.095,20,"{'name': 'sequential', 'layers': [{'class_name': 'Dense', 'config': {'name': 'dense', 'trainable': True, 'batch_input_shape': (None, 14), 'dtype': 'float32', 'units': 64, 'activation': 'tanh', 'use_bias': True, 'kernel_initializer': {'class_name': 'GlorotUniform', 'config': {'seed': None}}, 'bias_initializer': {'class_name': 'Zeros', 'config': {}}, 'kernel_regularizer': None, 'bias_regularizer': None, 'activity_regularizer': None, 'kernel_constraint': None, 'bias_constraint': None}}, {'class_name': 'Dropout', 'config': {'name': 'dropout', 'trainable': True, 'dtype': 'float32', 'rate': 0.05, 'noise_shape': None, 'seed': None}}, {'class_name': 'Dense', 'config': {'name': 'dense_1', 'trainable': True, 'dtype': 'float32', 'units': 64, 'activation': 'relu', 'use_bias': True, 'kernel_initializer': {'class_name': 'GlorotUniform', 'config': {'seed': None}}, 'bias_initializer': {'class_name': 'Zeros', 'config': {}}, 'kernel_regularizer': None, 'bias_regularizer': None, 'activity_regularizer': None, 'kernel_constraint': None, 'bias_constraint': None}}, {'class_name': 'Dropout', 'config': {'name': 'dropout_1', 'trainable': True, 'dtype': 'float32', 'rate': 0.05, 'noise_shape': None, 'seed': None}}, {'class_name': 'Dense', 'config': {'name': 'dense_2', 'trainable': True, 'dtype': 'float32', 'units': 16, 'activation': 'relu', 'use_bias': True, 'kernel_initializer': {'class_name': 'GlorotUniform', 'config': {'seed': None}}, 'bias_initializer': {'class_name': 'Zeros', 'config': {}}, 'kernel_regularizer': None, 'bias_regularizer': None, 'activity_regularizer': None, 'kernel_constraint': None, 'bias_constraint': None}}, {'class_name': 'Dropout', 'config': {'name': 'dropout_2', 'trainable': True, 'dtype': 'float32', 'rate': 0.05, 'noise_shape': None, 'seed': None}}, {'class_name': 'Dense', 'config': {'name': 'dense_3', 'trainable': True, 'dtype': 'float32', 'units': 64, 'activation': 'relu', 'use_bias': True, 'kernel_initializer': {'class_name': 'GlorotUniform', 'config': {'seed': None}}, 'bias_initializer': {'class_name': 'Zeros', 'config': {}}, 'kernel_regularizer': None, 'bias_regularizer': None, 'activity_regularizer': None, 'kernel_constraint': None, 'bias_constraint': None}}, {'class_name': 'Dropout', 'config': {'name': 'dropout_3', 'trainable': True, 'dtype': 'float32', 'rate': 0.05, 'noise_shape': None, 'seed': None}}, {'class_name': 'Dense', 'config': {'name': 'dense_4', 'trainable': True, 'dtype': 'float32', 'units': 16, 'activation': 'tanh', 'use_bias': True, 'kernel_initializer': {'class_name': 'GlorotUniform', 'config': {'seed': None}}, 'bias_initializer': {'class_name': 'Zeros', 'config': {}}, 'kernel_regularizer': None, 'bias_regularizer': None, 'activity_regularizer': None, 'kernel_constraint': None, 'bias_constraint': None}}, {'class_name': 'Dropout', 'config': {'name': 'dropout_4', 'trainable': True, 'dtype': 'float32', 'rate': 0.05, 'noise_shape': None, 'seed': None}}, {'class_name': 'Dense', 'config': {'name': 'dense_5', 'trainable': True, 'dtype': 'float32', 'units': 32, 'activation': 'tanh', 'use_bias': True, 'kernel_initializer': {'class_name': 'GlorotUniform', 'config': {'seed': None}}, 'bias_initializer': {'class_name': 'Zeros', 'config': {}}, 'kernel_regularizer': None, 'bias_regularizer': None, 'activity_regularizer': None, 'kernel_constraint': None, 'bias_constraint': None}}, {'class_name': 'Dense', 'config': {'name': 'dense_6', 'trainable': True, 'dtype': 'float32', 'units': 1, 'activation': 'sigmoid', 'use_bias': True, 'kernel_initializer': {'class_name': 'RandomNormal', 'config': {'mean': 0.0, 'stddev': 0.05, 'seed': None}}, 'bias_initializer': {'class_name': 'Zeros', 'config': {}}, 'kernel_regularizer': None, 'bias_regularizer': None, 'activity_regularizer': None, 'kernel_constraint': None, 'bias_constraint': None}}]}",150,0.05,<class 'tensorflow.python.keras.optimizer_v2.gradient_descent.SGD'>,binary_crossentropy,0.7137447771587744,0.7128851540616247,0.001,"['PCScreening_Major_last_5_checklists', 'PCRelationship_Major_last_5_checklists', 'DRDocumentation_standard_Minor_last_10_checklists', 'TLAssignedName_Skrzynecki__P___Piotr_', 'DRClient_Outreach_Critical_last_10_checklists', 'DRClient_Outreach_Major_last_5_checklists', 'DRClient_Outreach_Major_last_10_checklists', 'ProjectExperience', 'PCDocumentation_standard_Minor_last_5_checklists', 'PCScreening_Major_last_10_checklists', 'TeamExperience', 'PCDocumentation_standard_Major_last_10_checklists', 'PCDocumentation_standard_Minor_last_10_checklists', 'PCDocumentation_standard_Major_last_5_checklists']"
11,0.025,80,"{'name': 'sequential', 'layers': [{'class_name': 'Dense', 'config': {'name': 'dense', 'trainable': True, 'batch_input_shape': (None, 14), 'dtype': 'float32', 'units': 16, 'activation': 'elu', 'use_bias': True, 'kernel_initializer': {'class_name': 'GlorotUniform', 'config': {'seed': None}}, 'bias_initializer': {'class_name': 'Zeros', 'config': {}}, 'kernel_regularizer': None, 'bias_regularizer': None, 'activity_regularizer': None, 'kernel_constraint': None, 'bias_constraint': None}}, {'class_name': 'Dropout', 'config': {'name': 'dropout', 'trainable': True, 'dtype': 'float32', 'rate': 0.15000000000000002, 'noise_shape': None, 'seed': None}}, {'class_name': 'Dense', 'config': {'name': 'dense_1', 'trainable': True, 'dtype': 'float32', 'units': 16, 'activation': 'relu', 'use_bias': True, 'kernel_initializer': {'class_name': 'GlorotUniform', 'config': {'seed': None}}, 'bias_initializer': {'class_name': 'Zeros', 'config': {}}, 'kernel_regularizer': None, 'bias_regularizer': None, 'activity_regularizer': None, 'kernel_constraint': None, 'bias_constraint': None}}, {'class_name': 'Dropout', 'config': {'name': 'dropout_1', 'trainable': True, 'dtype': 'float32', 'rate': 0.15000000000000002, 'noise_shape': None, 'seed': None}}, {'class_name': 'Dense', 'config': {'name': 'dense_2', 'trainable': True, 'dtype': 'float32', 'units': 64, 'activation': 'elu', 'use_bias': True, 'kernel_initializer': {'class_name': 'GlorotUniform', 'config': {'seed': None}}, 'bias_initializer': {'class_name': 'Zeros', 'config': {}}, 'kernel_regularizer': None, 'bias_regularizer': None, 'activity_regularizer': None, 'kernel_constraint': None, 'bias_constraint': None}}, {'class_name': 'Dropout', 'config': {'name': 'dropout_2', 'trainable': True, 'dtype': 'float32', 'rate': 0.15000000000000002, 'noise_shape': None, 'seed': None}}, {'class_name': 'Dense', 'config': {'name': 'dense_3', 'trainable': True, 'dtype': 'float32', 'units': 512, 'activation': 'tanh', 'use_bias': True, 'kernel_initializer': {'class_name': 'GlorotUniform', 'config': {'seed': None}}, 'bias_initializer': {'class_name': 'Zeros', 'config': {}}, 'kernel_regularizer': None, 'bias_regularizer': None, 'activity_regularizer': None, 'kernel_constraint': None, 'bias_constraint': None}}, {'class_name': 'Dropout', 'config': {'name': 'dropout_3', 'trainable': True, 'dtype': 'float32', 'rate': 0.15000000000000002, 'noise_shape': None, 'seed': None}}, {'class_name': 'Dense', 'config': {'name': 'dense_4', 'trainable': True, 'dtype': 'float32', 'units': 16, 'activation': 'elu', 'use_bias': True, 'kernel_initializer': {'class_name': 'GlorotUniform', 'config': {'seed': None}}, 'bias_initializer': {'class_name': 'Zeros', 'config': {}}, 'kernel_regularizer': None, 'bias_regularizer': None, 'activity_regularizer': None, 'kernel_constraint': None, 'bias_constraint': None}}, {'class_name': 'Dense', 'config': {'name': 'dense_5', 'trainable': True, 'dtype': 'float32', 'units': 1, 'activation': 'sigmoid', 'use_bias': True, 'kernel_initializer': {'class_name': 'RandomNormal', 'config': {'mean': 0.0, 'stddev': 0.05, 'seed': None}}, 'bias_initializer': {'class_name': 'Zeros', 'config': {}}, 'kernel_regularizer': None, 'bias_regularizer': None, 'activity_regularizer': None, 'kernel_constraint': None, 'bias_constraint': None}}]}",200,0.15000000000000002,<class 'tensorflow.python.keras.optimizer_v2.adam.Adam'>,binary_crossentropy,0.6938326949860725,0.7026143790849673,-0.009,"['PCScreening_Major_last_5_checklists', 'PCRelationship_Major_last_5_checklists', 'DRDocumentation_standard_Minor_last_10_checklists', 'TLAssignedName_Skrzynecki__P___Piotr_', 'DRClient_Outreach_Critical_last_10_checklists', 'DRClient_Outreach_Major_last_5_checklists', 'DRClient_Outreach_Major_last_10_checklists', 'ProjectExperience', 'PCDocumentation_standard_Minor_last_5_checklists', 'PCScreening_Major_last_10_checklists', 'TeamExperience', 'PCDocumentation_standard_Major_last_10_checklists', 'PCDocumentation_standard_Minor_last_10_checklists', 'PCDocumentation_standard_Major_last_5_checklists']"
12,0.09000000000000001,30,"{'name': 'sequential', 'layers': [{'class_name': 'Dense', 'config': {'name': 'dense', 'trainable': True, 'batch_input_shape': (None, 14), 'dtype': 'float32', 'units': 64, 'activation': 'elu', 'use_bias': True, 'kernel_initializer': {'class_name': 'GlorotUniform', 'config': {'seed': None}}, 'bias_initializer': {'class_name': 'Zeros', 'config': {}}, 'kernel_regularizer': None, 'bias_regularizer': None, 'activity_regularizer': None, 'kernel_constraint': None, 'bias_constraint': None}}, {'class_name': 'Dropout', 'config': {'name': 'dropout', 'trainable': True, 'dtype': 'float32', 'rate': 0.1, 'noise_shape': None, 'seed': None}}, {'class_name': 'Dense', 'config': {'name': 'dense_1', 'trainable': True, 'dtype': 'float32', 'units': 256, 'activation': 'relu', 'use_bias': True, 'kernel_initializer': {'class_name': 'GlorotUniform', 'config': {'seed': None}}, 'bias_initializer': {'class_name': 'Zeros', 'config': {}}, 'kernel_regularizer': None, 'bias_regularizer': None, 'activity_regularizer': None, 'kernel_constraint': None, 'bias_constraint': None}}, {'class_name': 'Dropout', 'config': {'name': 'dropout_1', 'trainable': True, 'dtype': 'float32', 'rate': 0.1, 'noise_shape': None, 'seed': None}}, {'class_name': 'Dense', 'config': {'name': 'dense_2', 'trainable': True, 'dtype': 'float32', 'units': 256, 'activation': 'tanh', 'use_bias': True, 'kernel_initializer': {'class_name': 'GlorotUniform', 'config': {'seed': None}}, 'bias_initializer': {'class_name': 'Zeros', 'config': {}}, 'kernel_regularizer': None, 'bias_regularizer': None, 'activity_regularizer': None, 'kernel_constraint': None, 'bias_constraint': None}}, {'class_name': 'Dense', 'config': {'name': 'dense_3', 'trainable': True, 'dtype': 'float32', 'units': 1, 'activation': 'sigmoid', 'use_bias': True, 'kernel_initializer': {'class_name': 'RandomNormal', 'config': {'mean': 0.0, 'stddev': 0.05, 'seed': None}}, 'bias_initializer': {'class_name': 'Zeros', 'config': {}}, 'kernel_regularizer': None, 'bias_regularizer': None, 'activity_regularizer': None, 'kernel_constraint': None, 'bias_constraint': None}}]}",200,0.1,<class 'tensorflow.python.keras.optimizer_v2.gradient_descent.SGD'>,binary_crossentropy,0.7001653899721448,0.7114845938375349,-0.011,"['PCScreening_Major_last_5_checklists', 'PCRelationship_Major_last_5_checklists', 'DRDocumentation_standard_Minor_last_10_checklists', 'TLAssignedName_Skrzynecki__P___Piotr_', 'DRClient_Outreach_Critical_last_10_checklists', 'DRClient_Outreach_Major_last_5_checklists', 'DRClient_Outreach_Major_last_10_checklists', 'ProjectExperience', 'PCDocumentation_standard_Minor_last_5_checklists', 'PCScreening_Major_last_10_checklists', 'TeamExperience', 'PCDocumentation_standard_Major_last_10_checklists', 'PCDocumentation_standard_Minor_last_10_checklists', 'PCDocumentation_standard_Major_last_5_checklists']"
13,0.07500000000000001,40,"{'name': 'sequential', 'layers': [{'class_name': 'Dense', 'config': {'name': 'dense', 'trainable': True, 'batch_input_shape': (None, 14), 'dtype': 'float32', 'units': 32, 'activation': 'elu', 'use_bias': True, 'kernel_initializer': {'class_name': 'GlorotUniform', 'config': {'seed': None}}, 'bias_initializer': {'class_name': 'Zeros', 'config': {}}, 'kernel_regularizer': None, 'bias_regularizer': None, 'activity_regularizer': None, 'kernel_constraint': None, 'bias_constraint': None}}, {'class_name': 'Dropout', 'config': {'name': 'dropout', 'trainable': True, 'dtype': 'float32', 'rate': 0.15000000000000002, 'noise_shape': None, 'seed': None}}, {'class_name': 'Dense', 'config': {'name': 'dense_1', 'trainable': True, 'dtype': 'float32', 'units': 512, 'activation': 'tanh', 'use_bias': True, 'kernel_initializer': {'class_name': 'GlorotUniform', 'config': {'seed': None}}, 'bias_initializer': {'class_name': 'Zeros', 'config': {}}, 'kernel_regularizer': None, 'bias_regularizer': None, 'activity_regularizer': None, 'kernel_constraint': None, 'bias_constraint': None}}, {'class_name': 'Dropout', 'config': {'name': 'dropout_1', 'trainable': True, 'dtype': 'float32', 'rate': 0.15000000000000002, 'noise_shape': None, 'seed': None}}, {'class_name': 'Dense', 'config': {'name': 'dense_2', 'trainable': True, 'dtype': 'float32', 'units': 128, 'activation': 'relu', 'use_bias': True, 'kernel_initializer': {'class_name': 'GlorotUniform', 'config': {'seed': None}}, 'bias_initializer': {'class_name': 'Zeros', 'config': {}}, 'kernel_regularizer': None, 'bias_regularizer': None, 'activity_regularizer': None, 'kernel_constraint': None, 'bias_constraint': None}}, {'class_name': 'Dropout', 'config': {'name': 'dropout_2', 'trainable': True, 'dtype': 'float32', 'rate': 0.15000000000000002, 'noise_shape': None, 'seed': None}}, {'class_name': 'Dense', 'config': {'name': 'dense_3', 'trainable': True, 'dtype': 'float32', 'units': 64, 'activation': 'tanh', 'use_bias': True, 'kernel_initializer': {'class_name': 'GlorotUniform', 'config': {'seed': None}}, 'bias_initializer': {'class_name': 'Zeros', 'config': {}}, 'kernel_regularizer': None, 'bias_regularizer': None, 'activity_regularizer': None, 'kernel_constraint': None, 'bias_constraint': None}}, {'class_name': 'Dropout', 'config': {'name': 'dropout_3', 'trainable': True, 'dtype': 'float32', 'rate': 0.15000000000000002, 'noise_shape': None, 'seed': None}}, {'class_name': 'Dense', 'config': {'name': 'dense_4', 'trainable': True, 'dtype': 'float32', 'units': 64, 'activation': 'elu', 'use_bias': True, 'kernel_initializer': {'class_name': 'GlorotUniform', 'config': {'seed': None}}, 'bias_initializer': {'class_name': 'Zeros', 'config': {}}, 'kernel_regularizer': None, 'bias_regularizer': None, 'activity_regularizer': None, 'kernel_constraint': None, 'bias_constraint': None}}, {'class_name': 'Dense', 'config': {'name': 'dense_5', 'trainable': True, 'dtype': 'float32', 'units': 1, 'activation': 'sigmoid', 'use_bias': True, 'kernel_initializer': {'class_name': 'RandomNormal', 'config': {'mean': 0.0, 'stddev': 0.05, 'seed': None}}, 'bias_initializer': {'class_name': 'Zeros', 'config': {}}, 'kernel_regularizer': None, 'bias_regularizer': None, 'activity_regularizer': None, 'kernel_constraint': None, 'bias_constraint': None}}]}",100,0.15000000000000002,<class 'tensorflow.python.keras.optimizer_v2.gradient_descent.SGD'>,binary_crossentropy,0.7258443593314763,0.7301587301587301,-0.004,"['PCScreening_Major_last_5_checklists', 'PCRelationship_Major_last_5_checklists', 'DRDocumentation_standard_Minor_last_10_checklists', 'TLAssignedName_Skrzynecki__P___Piotr_', 'DRClient_Outreach_Critical_last_10_checklists', 'DRClient_Outreach_Major_last_5_checklists', 'DRClient_Outreach_Major_last_10_checklists', 'ProjectExperience', 'PCDocumentation_standard_Minor_last_5_checklists', 'PCScreening_Major_last_10_checklists', 'TeamExperience', 'PCDocumentation_standard_Major_last_10_checklists', 'PCDocumentation_standard_Minor_last_10_checklists', 'PCDocumentation_standard_Major_last_5_checklists']"
14,0.06,40,"{'name': 'sequential', 'layers': [{'class_name': 'Dense', 'config': {'name': 'dense', 'trainable': True, 'batch_input_shape': (None, 14), 'dtype': 'float32', 'units': 256, 'activation': 'tanh', 'use_bias': True, 'kernel_initializer': {'class_name': 'GlorotUniform', 'config': {'seed': None}}, 'bias_initializer': {'class_name': 'Zeros', 'config': {}}, 'kernel_regularizer': None, 'bias_regularizer': None, 'activity_regularizer': None, 'kernel_constraint': None, 'bias_constraint': None}}, {'class_name': 'Dropout', 'config': {'name': 'dropout', 'trainable': True, 'dtype': 'float32', 'rate': 0.2, 'noise_shape': None, 'seed': None}}, {'class_name': 'Dense', 'config': {'name': 'dense_1', 'trainable': True, 'dtype': 'float32', 'units': 64, 'activation': 'tanh', 'use_bias': True, 'kernel_initializer': {'class_name': 'GlorotUniform', 'config': {'seed': None}}, 'bias_initializer': {'class_name': 'Zeros', 'config': {}}, 'kernel_regularizer': None, 'bias_regularizer': None, 'activity_regularizer': None, 'kernel_constraint': None, 'bias_constraint': None}}, {'class_name': 'Dropout', 'config': {'name': 'dropout_1', 'trainable': True, 'dtype': 'float32', 'rate': 0.2, 'noise_shape': None, 'seed': None}}, {'class_name': 'Dense', 'config': {'name': 'dense_2', 'trainable': True, 'dtype': 'float32', 'units': 256, 'activation': 'elu', 'use_bias': True, 'kernel_initializer': {'class_name': 'GlorotUniform', 'config': {'seed': None}}, 'bias_initializer': {'class_name': 'Zeros', 'config': {}}, 'kernel_regularizer': None, 'bias_regularizer': None, 'activity_regularizer': None, 'kernel_constraint': None, 'bias_constraint': None}}, {'class_name': 'Dropout', 'config': {'name': 'dropout_2', 'trainable': True, 'dtype': 'float32', 'rate': 0.2, 'noise_shape': None, 'seed': None}}, {'class_name': 'Dense', 'config': {'name': 'dense_3', 'trainable': True, 'dtype': 'float32', 'units': 256, 'activation': 'relu', 'use_bias': True, 'kernel_initializer': {'class_name': 'GlorotUniform', 'config': {'seed': None}}, 'bias_initializer': {'class_name': 'Zeros', 'config': {}}, 'kernel_regularizer': None, 'bias_regularizer': None, 'activity_regularizer': None, 'kernel_constraint': None, 'bias_constraint': None}}, {'class_name': 'Dense', 'config': {'name': 'dense_4', 'trainable': True, 'dtype': 'float32', 'units': 1, 'activation': 'sigmoid', 'use_bias': True, 'kernel_initializer': {'class_name': 'RandomNormal', 'config': {'mean': 0.0, 'stddev': 0.05, 'seed': None}}, 'bias_initializer': {'class_name': 'Zeros', 'config': {}}, 'kernel_regularizer': None, 'bias_regularizer': None, 'activity_regularizer': None, 'kernel_constraint': None, 'bias_constraint': None}}]}",200,0.2,<class 'tensorflow.python.keras.optimizer_v2.gradient_descent.SGD'>,binary_crossentropy,0.7302402506963788,0.7203548085901027,0.01,"['PCScreening_Major_last_5_checklists', 'PCRelationship_Major_last_5_checklists', 'DRDocumentation_standard_Minor_last_10_checklists', 'TLAssignedName_Skrzynecki__P___Piotr_', 'DRClient_Outreach_Critical_last_10_checklists', 'DRClient_Outreach_Major_last_5_checklists', 'DRClient_Outreach_Major_last_10_checklists', 'ProjectExperience', 'PCDocumentation_standard_Minor_last_5_checklists', 'PCScreening_Major_last_10_checklists', 'TeamExperience', 'PCDocumentation_standard_Major_last_10_checklists', 'PCDocumentation_standard_Minor_last_10_checklists', 'PCDocumentation_standard_Major_last_5_checklists']"
15,0.09000000000000001,50,"{'name': 'sequential', 'layers': [{'class_name': 'Dense', 'config': {'name': 'dense', 'trainable': True, 'batch_input_shape': (None, 14), 'dtype': 'float32', 'units': 32, 'activation': 'elu', 'use_bias': True, 'kernel_initializer': {'class_name': 'GlorotUniform', 'config': {'seed': None}}, 'bias_initializer': {'class_name': 'Zeros', 'config': {}}, 'kernel_regularizer': None, 'bias_regularizer': None, 'activity_regularizer': None, 'kernel_constraint': None, 'bias_constraint': None}}, {'class_name': 'Dropout', 'config': {'name': 'dropout', 'trainable': True, 'dtype': 'float32', 'rate': 0.1, 'noise_shape': None, 'seed': None}}, {'class_name': 'Dense', 'config': {'name': 'dense_1', 'trainable': True, 'dtype': 'float32', 'units': 64, 'activation': 'tanh', 'use_bias': True, 'kernel_initializer': {'class_name': 'GlorotUniform', 'config': {'seed': None}}, 'bias_initializer': {'class_name': 'Zeros', 'config': {}}, 'kernel_regularizer': None, 'bias_regularizer': None, 'activity_regularizer': None, 'kernel_constraint': None, 'bias_constraint': None}}, {'class_name': 'Dropout', 'config': {'name': 'dropout_1', 'trainable': True, 'dtype': 'float32', 'rate': 0.1, 'noise_shape': None, 'seed': None}}, {'class_name': 'Dense', 'config': {'name': 'dense_2', 'trainable': True, 'dtype': 'float32', 'units': 128, 'activation': 'tanh', 'use_bias': True, 'kernel_initializer': {'class_name': 'GlorotUniform', 'config': {'seed': None}}, 'bias_initializer': {'class_name': 'Zeros', 'config': {}}, 'kernel_regularizer': None, 'bias_regularizer': None, 'activity_regularizer': None, 'kernel_constraint': None, 'bias_constraint': None}}, {'class_name': 'Dropout', 'config': {'name': 'dropout_2', 'trainable': True, 'dtype': 'float32', 'rate': 0.1, 'noise_shape': None, 'seed': None}}, {'class_name': 'Dense', 'config': {'name': 'dense_3', 'trainable': True, 'dtype': 'float32', 'units': 64, 'activation': 'relu', 'use_bias': True, 'kernel_initializer': {'class_name': 'GlorotUniform', 'config': {'seed': None}}, 'bias_initializer': {'class_name': 'Zeros', 'config': {}}, 'kernel_regularizer': None, 'bias_regularizer': None, 'activity_regularizer': None, 'kernel_constraint': None, 'bias_constraint': None}}, {'class_name': 'Dropout', 'config': {'name': 'dropout_3', 'trainable': True, 'dtype': 'float32', 'rate': 0.1, 'noise_shape': None, 'seed': None}}, {'class_name': 'Dense', 'config': {'name': 'dense_4', 'trainable': True, 'dtype': 'float32', 'units': 32, 'activation': 'elu', 'use_bias': True, 'kernel_initializer': {'class_name': 'GlorotUniform', 'config': {'seed': None}}, 'bias_initializer': {'class_name': 'Zeros', 'config': {}}, 'kernel_regularizer': None, 'bias_regularizer': None, 'activity_regularizer': None, 'kernel_constraint': None, 'bias_constraint': None}}, {'class_name': 'Dropout', 'config': {'name': 'dropout_4', 'trainable': True, 'dtype': 'float32', 'rate': 0.1, 'noise_shape': None, 'seed': None}}, {'class_name': 'Dense', 'config': {'name': 'dense_5', 'trainable': True, 'dtype': 'float32', 'units': 32, 'activation': 'elu', 'use_bias': True, 'kernel_initializer': {'class_name': 'GlorotUniform', 'config': {'seed': None}}, 'bias_initializer': {'class_name': 'Zeros', 'config': {}}, 'kernel_regularizer': None, 'bias_regularizer': None, 'activity_regularizer': None, 'kernel_constraint': None, 'bias_constraint': None}}, {'class_name': 'Dense', 'config': {'name': 'dense_6', 'trainable': True, 'dtype': 'float32', 'units': 1, 'activation': 'sigmoid', 'use_bias': True, 'kernel_initializer': {'class_name': 'RandomNormal', 'config': {'mean': 0.0, 'stddev': 0.05, 'seed': None}}, 'bias_initializer': {'class_name': 'Zeros', 'config': {}}, 'kernel_regularizer': None, 'bias_regularizer': None, 'activity_regularizer': None, 'kernel_constraint': None, 'bias_constraint': None}}]}",150,0.1,<class 'tensorflow.python.keras.optimizer_v2.adam.Adam'>,binary_crossentropy,0.7451253481894151,0.753968253968254,-0.009,"['PCScreening_Major_last_5_checklists', 'PCRelationship_Major_last_5_checklists', 'DRDocumentation_standard_Minor_last_10_checklists', 'TLAssignedName_Skrzynecki__P___Piotr_', 'DRClient_Outreach_Critical_last_10_checklists', 'DRClient_Outreach_Major_last_5_checklists', 'DRClient_Outreach_Major_last_10_checklists', 'ProjectExperience', 'PCDocumentation_standard_Minor_last_5_checklists', 'PCScreening_Major_last_10_checklists', 'TeamExperience', 'PCDocumentation_standard_Major_last_10_checklists', 'PCDocumentation_standard_Minor_last_10_checklists', 'PCDocumentation_standard_Major_last_5_checklists']"
16,0.034999999999999996,60,"{'name': 'sequential', 'layers': [{'class_name': 'Dense', 'config': {'name': 'dense', 'trainable': True, 'batch_input_shape': (None, 14), 'dtype': 'float32', 'units': 64, 'activation': 'elu', 'use_bias': True, 'kernel_initializer': {'class_name': 'GlorotUniform', 'config': {'seed': None}}, 'bias_initializer': {'class_name': 'Zeros', 'config': {}}, 'kernel_regularizer': None, 'bias_regularizer': None, 'activity_regularizer': None, 'kernel_constraint': None, 'bias_constraint': None}}, {'class_name': 'Dropout', 'config': {'name': 'dropout', 'trainable': True, 'dtype': 'float32', 'rate': 0.05, 'noise_shape': None, 'seed': None}}, {'class_name': 'Dense', 'config': {'name': 'dense_1', 'trainable': True, 'dtype': 'float32', 'units': 256, 'activation': 'tanh', 'use_bias': True, 'kernel_initializer': {'class_name': 'GlorotUniform', 'config': {'seed': None}}, 'bias_initializer': {'class_name': 'Zeros', 'config': {}}, 'kernel_regularizer': None, 'bias_regularizer': None, 'activity_regularizer': None, 'kernel_constraint': None, 'bias_constraint': None}}, {'class_name': 'Dropout', 'config': {'name': 'dropout_1', 'trainable': True, 'dtype': 'float32', 'rate': 0.05, 'noise_shape': None, 'seed': None}}, {'class_name': 'Dense', 'config': {'name': 'dense_2', 'trainable': True, 'dtype': 'float32', 'units': 64, 'activation': 'elu', 'use_bias': True, 'kernel_initializer': {'class_name': 'GlorotUniform', 'config': {'seed': None}}, 'bias_initializer': {'class_name': 'Zeros', 'config': {}}, 'kernel_regularizer': None, 'bias_regularizer': None, 'activity_regularizer': None, 'kernel_constraint': None, 'bias_constraint': None}}, {'class_name': 'Dense', 'config': {'name': 'dense_3', 'trainable': True, 'dtype': 'float32', 'units': 1, 'activation': 'sigmoid', 'use_bias': True, 'kernel_initializer': {'class_name': 'RandomNormal', 'config': {'mean': 0.0, 'stddev': 0.05, 'seed': None}}, 'bias_initializer': {'class_name': 'Zeros', 'config': {}}, 'kernel_regularizer': None, 'bias_regularizer': None, 'activity_regularizer': None, 'kernel_constraint': None, 'bias_constraint': None}}]}",100,0.05,<class 'tensorflow.python.keras.optimizer_v2.adam.Adam'>,binary_crossentropy,0.7314153899721448,0.7408963585434174,-0.009,"['PCScreening_Major_last_5_checklists', 'PCRelationship_Major_last_5_checklists', 'DRDocumentation_standard_Minor_last_10_checklists', 'TLAssignedName_Skrzynecki__P___Piotr_', 'DRClient_Outreach_Critical_last_10_checklists', 'DRClient_Outreach_Major_last_5_checklists', 'DRClient_Outreach_Major_last_10_checklists', 'ProjectExperience', 'PCDocumentation_standard_Minor_last_5_checklists', 'PCScreening_Major_last_10_checklists', 'TeamExperience', 'PCDocumentation_standard_Major_last_10_checklists', 'PCDocumentation_standard_Minor_last_10_checklists', 'PCDocumentation_standard_Major_last_5_checklists']"
